{"initial_reset_timestamp": 1548673761.8709414, "timestamps": [1548673768.9329586, 1548673774.758657, 1548673775.3144689, 1548673775.3706954, 1548673775.4709268, 1548673775.5626066, 1548673775.6590722, 1548673775.7630816, 1548673778.9414527, 1548673779.4756927, 1548673779.5750074, 1548673779.650548, 1548673779.7507958, 1548673779.8557034, 1548673779.9679925, 1548673780.069906, 1548673780.1701314, 1548673780.2740989, 1548673780.3669865, 1548673780.4711657, 1548673780.5710826, 1548673780.7337198, 1548673780.773704, 1548673780.877525, 1548673780.966591, 1548673781.143066, 1548673781.2306361, 1548673788.044308, 1548673788.6383305, 1548673788.7326953, 1548673788.8326023, 1548673788.9322708, 1548673789.0321562, 1548673789.1360898, 1548673789.2497637, 1548673789.3536546, 1548673789.3710895, 1548673789.4712853, 1548673789.5429418, 1548673789.5628803, 1548673789.6637752, 1548673789.7681735, 1548673789.8722086, 1548673789.9722776, 1548673790.0764618, 1548673790.1642892, 1548673790.3388996, 1548673790.450387, 1548673790.5506647, 1548673790.6549125, 1548673790.767494, 1548673790.8686934, 1548673790.9712355, 1548673791.0620122, 1548673791.1540642, 1548673791.2584443, 1548673791.3604333, 1548673791.4681122, 1548673791.5752559, 1548673791.6757345, 1548673791.779885, 1548673791.932508, 1548673792.0301611, 1548673792.1304638, 1548673798.953932, 1548673799.5533218, 1548673799.5656774, 1548673799.6491816, 1548673799.678558, 1548673799.7485352, 1548673799.8528316, 1548673799.9529, 1548673800.0572233, 1548673800.1516604, 1548673800.255845, 1548673800.356036, 1548673800.4603653, 1548673800.5530713, 1548673800.6651137, 1548673800.8296142, 1548673800.8729868, 1548673800.9728763, 1548673801.0605505, 1548673801.1648958, 1548673801.253425, 1548673801.3552332, 1548673801.4568055, 1548673801.5503552, 1548673801.651643, 1548673801.7566607, 1548673801.8526216, 1548673801.9537346, 1548673802.0583892, 1548673802.1484482, 1548673802.248807, 1548673802.3532917, 1548673802.4544656, 1548673802.5588534, 1548673802.655947, 1548673802.7685127], "episode_lengths": [200, 156, 53, 200, 200, 152, 185, 200, 93, 200, 197, 88, 200, 200, 200, 192, 200, 200, 173, 200, 200, 191, 154, 200, 127, 168, 151, 200, 200, 161, 200, 183, 200, 200, 200, 200, 67, 200, 75, 76, 200, 200, 200, 200, 200, 152, 200, 200, 200, 200, 200, 186, 200, 148, 169, 200, 200, 179, 196, 200, 200, 200, 190, 185, 200, 200, 47, 136, 112, 84, 200, 200, 200, 178, 200, 200, 200, 161, 171, 199, 165, 183, 152, 200, 153, 188, 200, 155, 200, 200, 166, 200, 200, 160, 200, 200, 200, 200, 188, 200], "episode_rewards": [200.0, 156.0, 53.0, 200.0, 200.0, 152.0, 185.0, 200.0, 93.0, 200.0, 197.0, 88.0, 200.0, 200.0, 200.0, 192.0, 200.0, 200.0, 173.0, 200.0, 200.0, 191.0, 154.0, 200.0, 127.0, 168.0, 151.0, 200.0, 200.0, 161.0, 200.0, 183.0, 200.0, 200.0, 200.0, 200.0, 67.0, 200.0, 75.0, 76.0, 200.0, 200.0, 200.0, 200.0, 200.0, 152.0, 200.0, 200.0, 200.0, 200.0, 200.0, 186.0, 200.0, 148.0, 169.0, 200.0, 200.0, 179.0, 196.0, 200.0, 200.0, 200.0, 190.0, 185.0, 200.0, 200.0, 47.0, 136.0, 112.0, 84.0, 200.0, 200.0, 200.0, 178.0, 200.0, 200.0, 200.0, 161.0, 171.0, 199.0, 165.0, 183.0, 152.0, 200.0, 153.0, 188.0, 200.0, 155.0, 200.0, 200.0, 166.0, 200.0, 200.0, 160.0, 200.0, 200.0, 200.0, 200.0, 188.0, 200.0], "episode_types": ["t", "t", "t", "t", "t", "t", "t", "t", "t", "t", "t", "t", "t", "t", "t", "t", "t", "t", "t", "t", "t", "t", "t", "t", "t", "t", "t", "t", "t", "t", "t", "t", "t", "t", "t", "t", "t", "t", "t", "t", "t", "t", "t", "t", "t", "t", "t", "t", "t", "t", "t", "t", "t", "t", "t", "t", "t", "t", "t", "t", "t", "t", "t", "t", "t", "t", "t", "t", "t", "t", "t", "t", "t", "t", "t", "t", "t", "t", "t", "t", "t", "t", "t", "t", "t", "t", "t", "t", "t", "t", "t", "t", "t", "t", "t", "t", "t", "t", "t", "t"]}