{"initial_reset_timestamp": 1551278052.607843, "timestamps": [1551278053.2607107, 1551278058.6359236, 1551278059.353983, 1551278059.628022, 1551278059.6330569, 1551278059.8442209, 1551278060.046921, 1551278060.2537837, 1551278065.536524, 1551278066.244323, 1551278066.4475932, 1551278066.7261896, 1551278066.936203, 1551278067.14252, 1551278067.1479025, 1551278067.1538053, 1551278067.4286096, 1551278067.433971, 1551278067.6372423, 1551278067.8501666, 1551278067.8561625, 1551278067.930398, 1551278068.1430988, 1551278068.3470156, 1551278068.554279, 1551278068.5595665, 1551278068.8309426, 1551278069.3535545, 1551278069.7547686, 1551278070.0306861, 1551278070.2353516, 1551278070.2406716, 1551278070.4475677, 1551278070.4522824, 1551278070.7294626, 1551278070.936848, 1551278071.1415787, 1551278071.3462694, 1551278071.5510805, 1551278071.755426, 1551278071.8295934, 1551278071.8339674, 1551278071.8387983, 1551278071.8440742, 1551278072.0495136, 1551278072.3256292, 1551278072.3300798, 1551278072.3353186, 1551278072.5375178, 1551278072.5423782, 1551278072.5478528, 1551278072.7518697, 1551278072.8251724, 1551278073.0278711, 1551278073.2334564, 1551278073.4374378, 1551278073.6397264, 1551278073.6445298, 1551278073.6499758, 1551278073.8564913, 1551278073.9302, 1551278074.136927, 1551278074.141459, 1551278074.3446052, 1551278079.8273013, 1551278080.5348866, 1551278080.5402849, 1551278080.544618, 1551278080.7488523, 1551278080.7539864, 1551278080.82576, 1551278080.8326507, 1551278080.8371077, 1551278081.041132, 1551278081.0460274, 1551278081.0511348, 1551278081.2552564, 1551278081.5270786, 1551278081.7318532, 1551278081.9388146, 1551278081.9437397, 1551278082.1480086, 1551278082.352192, 1551278082.6261263, 1551278082.8326244, 1551278082.8371134, 1551278083.0429735, 1551278083.247192, 1551278083.2524633, 1551278083.5332413, 1551278083.7462282, 1551278083.7515652, 1551278083.9525476, 1551278084.0256846, 1551278084.0305746, 1551278084.2372854, 1551278084.4444058, 1551278084.6479638, 1551278084.92694, 1551278084.932418], "episode_lengths": [11, 149, 144, 146, 11, 151, 149, 155, 152, 150, 150, 155, 156, 157, 12, 13, 154, 12, 153, 152, 12, 12, 155, 154, 147, 12, 149, 12, 154, 159, 156, 12, 157, 11, 155, 149, 150, 152, 154, 150, 12, 10, 11, 12, 158, 157, 10, 12, 150, 11, 12, 153, 11, 146, 153, 151, 147, 11, 12, 157, 12, 155, 10, 153, 155, 150, 12, 10, 150, 11, 11, 14, 10, 148, 11, 11, 154, 150, 151, 157, 11, 151, 149, 154, 152, 10, 152, 151, 12, 156, 158, 12, 152, 11, 11, 154, 158, 150, 156, 12], "episode_rewards": [11.0, 149.0, 144.0, 146.0, 11.0, 151.0, 149.0, 155.0, 152.0, 150.0, 150.0, 155.0, 156.0, 157.0, 12.0, 13.0, 154.0, 12.0, 153.0, 152.0, 12.0, 12.0, 155.0, 154.0, 147.0, 12.0, 149.0, 12.0, 154.0, 159.0, 156.0, 12.0, 157.0, 11.0, 155.0, 149.0, 150.0, 152.0, 154.0, 150.0, 12.0, 10.0, 11.0, 12.0, 158.0, 157.0, 10.0, 12.0, 150.0, 11.0, 12.0, 153.0, 11.0, 146.0, 153.0, 151.0, 147.0, 11.0, 12.0, 157.0, 12.0, 155.0, 10.0, 153.0, 155.0, 150.0, 12.0, 10.0, 150.0, 11.0, 11.0, 14.0, 10.0, 148.0, 11.0, 11.0, 154.0, 150.0, 151.0, 157.0, 11.0, 151.0, 149.0, 154.0, 152.0, 10.0, 152.0, 151.0, 12.0, 156.0, 158.0, 12.0, 152.0, 11.0, 11.0, 154.0, 158.0, 150.0, 156.0, 12.0], "episode_types": ["t", "t", "t", "t", "t", "t", "t", "t", "t", "t", "t", "t", "t", "t", "t", "t", "t", "t", "t", "t", "t", "t", "t", "t", "t", "t", "t", "t", "t", "t", "t", "t", "t", "t", "t", "t", "t", "t", "t", "t", "t", "t", "t", "t", "t", "t", "t", "t", "t", "t", "t", "t", "t", "t", "t", "t", "t", "t", "t", "t", "t", "t", "t", "t", "t", "t", "t", "t", "t", "t", "t", "t", "t", "t", "t", "t", "t", "t", "t", "t", "t", "t", "t", "t", "t", "t", "t", "t", "t", "t", "t", "t", "t", "t", "t", "t", "t", "t", "t", "t"]}